{
  "Ann_1": {
    "with_persona": {
      "mean": 0.44837340876944837,
      "std": 0.44748861174642357,
      "min": 0.0,
      "max": 1.0
    },
    "without_persona": {
      "mean": 0.6430143014301429,
      "std": 0.41838193479978353,
      "min": 0.0,
      "max": 1.0
    },
    "difference": -0.19464089266069456,
    "num_reviews": 707
  },
  "Ann_2": {
    "with_persona": {
      "mean": 0.42165242165242167,
      "std": 0.4497929509812767,
      "min": 0.0,
      "max": 1.0
    },
    "without_persona": {
      "mean": 0.5969452358341247,
      "std": 0.43078771503262603,
      "min": 0.0,
      "max": 1.0
    },
    "difference": -0.17529281418170306,
    "num_reviews": 702
  },
  "Ann_3": {
    "with_persona": {
      "mean": 0.4731422505307855,
      "std": 0.4590393122251988,
      "min": 0.0,
      "max": 1.0
    },
    "without_persona": {
      "mean": 0.6175513092710544,
      "std": 0.4363940529205773,
      "min": 0.0,
      "max": 1.0
    },
    "difference": -0.14440905874026888,
    "num_reviews": 785
  },
  "Ann_4": {
    "with_persona": {
      "mean": 0.4547713717693837,
      "std": 0.4536263667121791,
      "min": 0.0,
      "max": 1.0
    },
    "without_persona": {
      "mean": 0.5939916059200353,
      "std": 0.4421552805598641,
      "min": 0.0,
      "max": 1.0
    },
    "difference": -0.1392202341506516,
    "num_reviews": 503
  },
  "Ann_5": {
    "with_persona": {
      "mean": 0.41821509009009006,
      "std": 0.45790822330843806,
      "min": 0.0,
      "max": 1.0
    },
    "without_persona": {
      "mean": 0.5566816816816816,
      "std": 0.44878555560128913,
      "min": 0.0,
      "max": 1.0
    },
    "difference": -0.13846659159159158,
    "num_reviews": 592
  }
}